{"cameraMode":{"drawMode":0,"name":"Shaded","section":"Shading Mode"},"sceneLighting":true,"audioPlay":false,"sceneViewState":{"m_AlwaysRefresh":false,"showFog":true,"showSkybox":true,"showFlares":true,"showImageEffects":true,"showParticleSystems":true,"showVisualEffectGraphs":true,"m_FxEnabled":true},"in2DMode":false,"pivot":{"x":-4.701049327850342,"y":-14.317756652832032,"z":0.27831172943115237},"rotation":{"x":0.678892970085144,"y":-0.013215349987149239,"z":0.012219486758112908,"w":0.734024167060852},"size":47.34303283691406,"orthographic":false}